product_id,category,total_rev,mean_demand,std_demand,cv_demand,rev_share,cum_rev_share,abc_class,xyz_class,abc_xyz
P146,Personal Care,525082.74,5.342305555555556,3.427098095030161,0.642,0.0361,0.0361,A,Y,AY
P107,Household,511171.2,6.255750000000001,3.313031670928158,0.53,0.0351,0.0712,A,Y,AY
P157,Snacks,461692.84,5.7496527777777775,3.169454574417634,0.551,0.0317,0.1029,A,Y,AY
P150,Snacks,454034.45,5.385597222222223,3.485238799542906,0.647,0.0312,0.1341,A,Y,AY
P131,Beverages,449880.11,5.292111111111112,2.92621069439146,0.553,0.0309,0.165,A,Y,AY
P158,Beverages,448750.52,4.275777777777778,3.4547421530630675,0.808,0.0308,0.1958,A,Y,AY
P152,Personal Care,433829.04,4.838027777777778,3.5561442449292353,0.735,0.0298,0.2256,A,Y,AY
P143,Personal Care,418994.3,4.505333333333334,3.482529878302329,0.773,0.0288,0.2544,A,Y,AY
P149,Household,411980.25,5.772916666666666,3.1941677717090498,0.553,0.0283,0.2827,A,Y,AY
P117,Dairy,398707.07,6.05625,2.93571022770116,0.485,0.0274,0.3101,A,X,AX
P103,Household,393842.49,6.0108194444444445,3.106278226105997,0.517,0.0271,0.3372,A,Y,AY
P139,Snacks,376778.81,5.868097222222222,3.023308086301038,0.515,0.0259,0.3631,A,Y,AY
P109,Dairy,374967.01,5.112263888888889,3.380875241556887,0.661,0.0258,0.3889,A,Y,AY
P112,Frozen,371073.31,5.580763888888889,3.245954297952536,0.582,0.0255,0.4144,A,Y,AY
P142,Dairy,346807.96,6.119027777777777,3.17222650963555,0.518,0.0238,0.4382,A,Y,AY
P160,Snacks,336267.44,5.781138888888889,3.042618342555921,0.526,0.0231,0.4613,A,Y,AY
P119,Dairy,331600.83,5.273958333333334,3.3328943050878994,0.632,0.0228,0.4841,A,Y,AY
P156,Snacks,316799.56,4.338111111111111,3.2123004705489753,0.74,0.0218,0.5059,A,Y,AY
P144,Dairy,316467.84,4.903166666666667,3.5054598344445513,0.715,0.0218,0.5277,A,Y,AY
P114,Beverages,306247.79,5.892847222222223,2.8886879425575995,0.49,0.0211,0.5488,A,X,AX
P159,Frozen,306223.93,4.052194444444444,3.507590603212775,0.866,0.0211,0.5699,A,Y,AY
P127,Personal Care,291214.74,4.553805555555555,3.433366581323547,0.754,0.02,0.5899,A,Y,AY
P151,Household,276314.4,4.9951944444444445,3.5618364590121114,0.713,0.019,0.6089,A,Y,AY
P134,Personal Care,275594.19,5.9075138888888885,3.127781310242538,0.529,0.0189,0.6278,A,Y,AY
P111,Household,275329.35000000003,5.391861111111111,3.3428403773961155,0.62,0.0189,0.6467,A,Y,AY
P130,Snacks,270131.36,6.245861111111112,2.9651631158088794,0.475,0.0186,0.6653,A,X,AX
P140,Beverages,268749.73,6.533055555555555,3.0233310843025203,0.463,0.0185,0.6838,A,X,AX
P120,Dairy,263994.4,5.5465,3.0880294656185683,0.557,0.0181,0.7019,B,Y,BY
P110,Beverages,256367.88999999998,6.132930555555555,2.9268614291576314,0.477,0.0176,0.7195,B,X,BX
P154,Household,255963.76,5.328236111111111,3.4217922370965383,0.642,0.0176,0.7371,B,Y,BY
P137,Beverages,253721.0,5.569347222222222,3.3984273122101856,0.61,0.0174,0.7545,B,Y,BY
P118,Household,249503.37000000002,6.089611111111112,2.9366011431834234,0.482,0.0172,0.7717,B,X,BX
P106,Personal Care,228543.64,6.031416666666667,2.985188227769831,0.495,0.0157,0.7874,B,X,BX
P121,Household,217833.19999999998,4.870652777777778,3.471127161826065,0.713,0.015,0.8024,B,Y,BY
P113,Dairy,217609.37000000002,5.78688888888889,3.3120588941584796,0.572,0.015,0.8174,B,Y,BY
P116,Personal Care,208757.78,6.071125,2.9749317937857582,0.49,0.0144,0.8318,B,X,BX
P115,Snacks,196053.38,6.210152777777778,3.023611828335187,0.487,0.0135,0.8453,B,X,BX
P104,Personal Care,186567.08000000002,5.303055555555555,3.316859884923373,0.625,0.0128,0.8581,B,Y,BY
P153,Dairy,183334.57,5.588277777777778,2.8892448071348267,0.517,0.0126,0.8707,B,Y,BY
P124,Beverages,182124.11000000002,5.542194444444444,3.292245859502713,0.594,0.0125,0.8832,B,Y,BY
P105,Snacks,180346.88999999998,6.364236111111111,2.9799714320024817,0.468,0.0124,0.8956,B,X,BX
P145,Frozen,169800.71,5.654041666666666,3.2080015006703464,0.567,0.0117,0.9073,C,Y,CY
P122,Household,159803.93,5.623277777777778,3.5085966874948618,0.624,0.011,0.9183,C,Y,CY
P125,Dairy,131926.45,5.5674166666666665,3.391725018663117,0.609,0.0091,0.9274,C,Y,CY
P135,Household,124976.17,5.465166666666667,3.267683841995401,0.598,0.0086,0.936,C,Y,CY
P108,Snacks,123565.75,5.678138888888889,3.1523891432225692,0.555,0.0085,0.9445,C,Y,CY
P132,Personal Care,120466.31,5.8112361111111115,3.062724250223706,0.527,0.0083,0.9528,C,Y,CY
P123,Snacks,113134.85,5.890763888888889,3.171535975654289,0.538,0.0078,0.9606,C,Y,CY
P141,Dairy,111283.14,5.307388888888889,3.2669674537232893,0.616,0.0076,0.9682,C,Y,CY
P133,Personal Care,105827.27,6.032097222222221,3.051116290213134,0.506,0.0073,0.9755,C,Y,CY
P147,Household,83151.22,5.057888888888889,3.1991654403544296,0.633,0.0057,0.9812,C,Y,CY
P128,Beverages,82477.84,5.0569444444444445,3.452975431322297,0.683,0.0057,0.9869,C,Y,CY
P101,Frozen,82449.5,5.579236111111111,3.281561265490414,0.588,0.0057,0.9926,C,Y,CY
P138,Beverages,74732.13,5.153694444444445,3.2437327123682036,0.629,0.0051,0.9977,C,Y,CY
P126,Household,15099.380000000001,5.526315789473684,3.079834430121052,0.557,0.001,0.9987,C,Y,CY
P102,Frozen,8225.95,5.443200000000001,2.2555555856595513,0.414,0.0006,0.9993,C,X,CX
P155,Dairy,5141.02,4.970588235294118,3.9783421022271255,0.8,0.0004,0.9997,C,Y,CY
P136,Personal Care,2233.8199999999997,5.0,4.0,0.8,0.0002,0.9999,C,Y,CY
P129,Beverages,2029.66,3.0384615384615383,3.5381437984431243,1.164,0.0001,1.0,C,Z,CZ
P148,Dairy,1458.8300000000002,1.8125,2.9033027170218864,1.602,0.0001,1.0001,C,Z,CZ
