feature,importance_mean,importance_std
days_of_inventory,0.4860347253696366,0.00921492787841462
inventory_to_demand_ratio,0.41951989665481887,0.010116168060978517
reorder_gap,0.0037346037176456902,0.001058764803511117
lag_1,0.00035790980672872896,0.0003579098067287289
lag_7,0.0002863278453829832,0.00035067856016941253
rolling_std_7,0.0,0.0
day_of_week,0.0,0.0
month,0.0,0.0
week_no,0.0,0.0
weekend_flag,0.0,0.0
lag_14,0.0,0.0
rolling_mean_7,0.0,0.0
rolling_mean_14,0.0,0.0
local_event,0.0,0.0
holiday,0.0,0.0
festival_flag,0.0,0.0
avg_discount_pct,0.0,0.0
promotion_flag,0.0,0.0
price_change,0.0,0.0
shelf_life_days,0.0,0.0
lead_days,0.0,0.0
cv_demand,0.0,0.0
temp_c,0.0,0.0
rain_mm,0.0,0.0
store_type_enc,0.0,0.0
category_enc,0.0,0.0
brand_enc,0.0,0.0
abc_class_enc,0.0,0.0
xyz_class_enc,0.0,0.0
