date,city,temp_c,rain_mm,holiday,festival,weekend,local_event
2026-08-01,Chennai,30.0,0.0,0,0,1,0
2026-08-02,Chennai,30.8,6.9,0,0,1,0
2026-08-03,Chennai,28.3,0.0,0,0,0,0
2026-08-04,Chennai,32.5,26.1,0,0,0,0
2026-08-05,Chennai,29.4,15.8,0,0,0,0
2026-08-06,Chennai,28.7,0.0,0,0,0,0
2026-08-07,Chennai,31.4,0.0,0,0,0,1
2026-08-08,Chennai,29.5,0.0,0,0,1,0
2026-08-09,Chennai,29.4,0.0,0,0,1,0
2026-08-10,Chennai,28.8,5.3,0,0,0,0
2026-08-11,Chennai,28.9,0.0,0,0,0,0
2026-08-12,Chennai,30.6,9.0,0,0,0,0
2026-08-13,Chennai,30.9,17.8,0,0,0,0
2026-08-14,Chennai,30.6,0.0,0,0,0,0
2026-08-15,Chennai,,0.0,1,0,1,0
2026-08-16,Chennai,28.7,2.5,0,0,1,0
2026-08-17,Chennai,30.3,6.8,0,0,0,0
2026-08-18,Chennai,29.9,0.0,0,0,0,0
2026-08-19,Chennai,29.8,0.0,0,0,0,0
2026-08-20,Chennai,30.1,17.6,0,0,0,0
2026-08-21,Chennai,27.2,12.6,0,0,0,0
2026-08-22,Chennai,29.8,13.8,0,0,1,0
2026-08-23,Chennai,29.0,0.0,0,0,1,0
2026-08-24,Chennai,28.9,3.2,0,0,0,0
2026-08-25,Chennai,32.0,0.0,0,0,0,0
2026-08-26,Chennai,29.6,21.0,1,1,0,0
2026-08-27,Chennai,32.9,12.1,0,0,0,0
2026-08-28,Chennai,32.4,0.0,0,0,0,0
2026-08-29,Chennai,31.5,0.0,0,0,1,0
2026-08-30,Chennai,29.3,0.0,0,0,1,0
2026-08-31,Chennai,26.7,0.0,0,0,0,0
2026-09-01,Chennai,28.6,0.0,0,0,0,0
2026-09-02,Chennai,28.6,0.0,0,0,0,0
2026-09-03,Chennai,29.8,0.0,0,0,0,0
2026-09-04,Chennai,28.6,13.9,0,1,0,0
2026-09-05,Chennai,27.9,19.3,0,0,1,0
2026-09-06,Chennai,27.9,0.2,0,0,1,0
2026-09-07,Chennai,27.2,9.0,0,0,0,0
2026-09-08,Chennai,30.3,0.0,0,0,0,0
2026-09-09,Chennai,27.6,0.0,0,0,0,0
2026-09-10,Chennai,30.1,0.0,0,0,0,0
2026-09-11,Chennai,28.8,0.0,0,0,0,0
2026-09-12,Chennai,28.7,0.0,0,0,1,0
2026-09-13,Chennai,26.8,9.4,0,0,1,0
2026-09-14,Chennai,28.8,0.0,0,1,0,0
2026-09-15,Chennai,29.6,18.1,0,0,0,0
2026-09-16,Chennai,,0.0,0,0,0,0
2026-09-17,Chennai,29.0,0.0,0,0,0,0
2026-09-18,Chennai,28.2,11.6,0,0,0,0
2026-09-19,Chennai,27.5,22.0,0,0,1,0
2026-09-20,Chennai,,6.1,0,0,1,0
2026-09-21,Chennai,22.4,3.2,0,0,0,1
2026-09-22,Chennai,29.1,0.0,0,0,0,0
2026-09-23,Chennai,26.6,15.2,0,0,0,0
2026-09-24,Chennai,28.8,0.0,0,0,0,0
2026-09-25,Chennai,29.2,0.0,0,0,0,0
2026-09-26,Chennai,31.0,0.0,0,0,1,1
2026-09-27,Chennai,30.8,0.0,0,0,1,1
2026-09-28,Chennai,30.5,6.8,0,0,0,1
2026-09-29,Chennai,30.8,10.4,0,0,0,0
2026-09-30,Chennai,28.1,0.0,0,0,0,0
2026-10-01,Chennai,27.7,0.0,0,0,0,0
2026-10-02,Chennai,29.9,19.7,1,0,0,0
2026-10-03,Chennai,26.1,35.1,0,0,1,0
2026-10-04,Chennai,27.6,0.0,0,0,1,0
2026-10-05,Chennai,26.7,18.1,0,0,0,0
2026-10-06,Chennai,25.8,0.0,0,0,0,0
2026-10-07,Chennai,28.0,5.0,0,0,0,0
2026-10-08,Chennai,27.2,10.6,0,0,0,0
2026-10-09,Chennai,30.0,38.2,0,0,0,0
2026-10-10,Chennai,26.2,13.0,0,0,1,0
2026-10-11,Chennai,27.7,31.6,0,0,1,0
2026-10-12,Chennai,,6.5,0,0,0,0
2026-10-13,Chennai,27.9,20.3,0,0,0,0
2026-10-14,Chennai,27.4,0.0,0,0,0,0
2026-10-15,Chennai,27.5,16.0,0,0,0,0
2026-10-16,Chennai,26.6,40.7,0,0,0,0
2026-10-17,Chennai,25.1,33.4,0,0,1,0
2026-10-18,Chennai,27.2,33.5,0,0,1,1
2026-10-19,Chennai,28.7,34.9,0,0,0,0
2026-10-20,Chennai,27.7,39.0,1,1,0,0
2026-10-21,Chennai,26.1,20.4,0,0,0,0
2026-10-22,Chennai,27.4,31.6,0,0,0,0
2026-10-23,Chennai,26.7,62.1,0,0,0,0
2026-10-24,Chennai,29.4,43.6,0,0,1,0
2026-10-25,Chennai,25.8,14.8,0,0,1,0
2026-10-26,Chennai,30.7,33.5,0,0,0,0
2026-10-27,Chennai,26.8,25.7,0,0,0,0
2026-10-28,Chennai,28.4,37.7,0,0,0,0
2026-10-29,Chennai,29.2,39.4,0,0,0,1
2026-10-30,Chennai,27.6,40.2,0,0,0,0
2026-10-31,Chennai,30.2,0.0,0,0,1,0
2026-11-01,Chennai,23.8,0.0,0,0,1,0
2026-11-02,Chennai,24.1,18.1,0,0,0,0
2026-11-03,Chennai,25.0,39.4,0,0,0,0
2026-11-04,Chennai,25.7,25.6,0,0,0,0
2026-11-05,Chennai,28.0,9.6,0,0,0,0
2026-11-06,Chennai,22.6,4.1,0,0,0,0
2026-11-07,Chennai,22.7,2.9,0,0,1,0
2026-11-08,Chennai,23.1,29.4,1,1,1,0
2026-11-09,Chennai,26.8,20.9,0,0,0,0
2026-11-10,Chennai,26.5,39.6,0,0,0,0
2026-11-11,Chennai,25.1,38.5,0,0,0,0
2026-11-12,Chennai,26.1,55.4,0,0,0,0
2026-11-13,Chennai,27.8,79.8,0,0,0,0
2026-11-14,Chennai,23.9,47.5,0,0,1,0
2026-11-15,Chennai,26.3,31.1,0,0,1,0
2026-11-16,Chennai,25.2,16.2,0,0,0,0
2026-11-17,Chennai,25.7,8.4,0,0,0,0
2026-11-18,Chennai,23.1,14.1,0,0,0,0
2026-11-19,Chennai,29.2,10.1,0,0,0,0
2026-11-20,Chennai,26.1,0.0,0,0,0,0
2026-11-21,Chennai,21.3,18.7,0,0,1,0
2026-11-22,Chennai,24.9,27.9,0,0,1,0
2026-11-23,Chennai,23.9,4.6,0,0,0,0
2026-11-24,Chennai,27.1,15.6,0,0,0,0
2026-11-25,Chennai,27.7,19.3,0,0,0,0
2026-11-26,Chennai,23.9,16.7,0,0,0,1
2026-11-27,Chennai,27.1,14.0,0,0,0,0
2026-11-28,Chennai,23.3,23.0,0,0,1,0
2026-11-29,Chennai,27.8,0.0,0,0,1,0
2026-11-30,Chennai,23.2,45.7,0,0,0,0
2026-12-01,Chennai,25.4,0.0,0,0,0,0
2026-12-02,Chennai,23.7,0.0,0,0,0,0
2026-12-03,Chennai,25.1,5.8,0,0,0,0
2026-12-04,Chennai,26.3,11.2,0,0,0,0
2026-12-05,Chennai,23.5,0.0,0,0,1,0
2026-12-06,Chennai,26.2,15.7,0,0,1,0
2026-12-07,Chennai,26.7,11.7,0,0,0,0
2026-12-08,Chennai,24.2,0.0,0,0,0,0
2026-12-09,Chennai,22.9,0.0,0,0,0,0
2026-12-10,Chennai,,0.0,0,0,0,0
2026-12-11,Chennai,22.6,0.0,0,0,0,0
2026-12-12,Chennai,24.6,3.1,0,0,1,0
2026-12-13,Chennai,24.3,8.8,0,0,1,0
2026-12-14,Chennai,23.9,0.0,0,0,0,0
2026-12-15,Chennai,23.8,0.0,0,0,0,0
2026-12-16,Chennai,22.6,0.0,0,0,0,0
2026-12-17,Chennai,23.6,0.0,0,0,0,0
2026-12-18,Chennai,26.8,21.0,0,0,0,0
2026-12-19,Chennai,25.5,0.0,0,0,1,0
2026-12-20,Chennai,24.0,0.0,0,0,1,0
2026-12-21,Chennai,24.9,5.7,0,0,0,0
2026-12-22,Chennai,21.6,0.0,0,0,0,0
2026-12-23,Chennai,24.0,0.0,0,0,0,0
2026-12-24,Chennai,25.2,0.0,0,0,0,0
2026-12-25,Chennai,27.3,0.0,1,1,0,0
2026-12-26,Chennai,26.0,0.0,0,0,1,0
2026-12-27,Chennai,,12.7,0,0,1,0
2026-12-28,Chennai,25.7,0.0,0,0,0,0
2026-12-29,Chennai,21.6,5.6,0,0,0,0
2026-12-30,Chennai,26.2,11.3,0,0,0,0
2026-12-31,Chennai,27.5,5.8,0,0,0,0
2027-01-01,Chennai,24.1,0.0,1,0,0,0
2027-01-02,Chennai,22.8,0.0,0,0,1,0
2027-01-03,Chennai,28.0,0.0,0,0,1,0
2027-01-04,Chennai,24.0,0.0,0,0,0,0
2027-01-05,Chennai,23.5,0.0,0,0,0,0
2027-01-06,Chennai,24.6,0.0,0,0,0,0
2027-01-07,Chennai,22.0,0.0,0,0,0,0
2027-01-08,Chennai,23.6,0.0,0,0,0,0
2027-01-09,Chennai,21.8,0.0,0,0,1,0
2027-01-10,Chennai,23.4,0.0,0,0,1,0
2027-01-11,Chennai,25.5,1.7,0,0,0,0
2027-01-12,Chennai,26.4,0.0,0,0,0,0
2027-01-13,Chennai,25.8,0.0,0,0,0,0
2027-01-14,Chennai,23.7,0.0,1,1,0,0
2027-01-15,Chennai,21.3,0.0,1,1,0,0
2027-01-16,Chennai,24.3,0.0,1,0,1,1
2027-01-17,Chennai,26.5,0.0,0,0,1,0
2027-01-18,Chennai,27.0,0.0,0,0,0,0
2027-01-19,Chennai,,0.0,0,0,0,0
2027-01-20,Chennai,22.7,0.0,0,0,0,0
2027-01-21,Chennai,23.0,0.0,0,0,0,0
2027-01-22,Chennai,22.0,0.0,0,0,0,0
2027-01-23,Chennai,24.0,0.0,0,0,1,0
2027-01-24,Chennai,24.3,0.0,0,0,1,0
2027-01-25,Chennai,26.6,0.0,0,0,0,0
2027-01-26,Chennai,25.1,0.0,1,0,0,0
2027-01-27,Chennai,25.2,0.0,0,0,0,0
2026-08-01,Coimbatore,24.1,0.0,0,0,1,0
2026-08-02,Coimbatore,22.4,0.0,0,0,1,0
2026-08-03,Coimbatore,25.1,0.0,0,0,0,0
2026-08-04,Coimbatore,25.4,16.3,0,0,0,0
2026-08-05,Coimbatore,21.4,19.7,0,0,0,0
2026-08-06,Coimbatore,21.1,0.0,0,0,0,0
2026-08-07,Coimbatore,25.8,0.0,0,0,0,1
2026-08-08,Coimbatore,25.9,9.5,0,0,1,0
2026-08-09,Coimbatore,26.6,0.0,0,0,1,0
2026-08-10,Coimbatore,26.5,0.0,0,0,0,0
2026-08-11,Coimbatore,27.1,12.0,0,0,0,0
2026-08-12,Coimbatore,24.0,0.0,0,0,0,0
2026-08-13,Coimbatore,24.3,14.6,0,0,0,0
2026-08-14,Coimbatore,,0.0,0,0,0,0
2026-08-15,Coimbatore,25.0,7.4,1,0,1,0
2026-08-16,Coimbatore,,19.5,0,0,1,0
2026-08-17,Coimbatore,24.8,5.4,0,0,0,0
2026-08-18,Coimbatore,26.8,0.0,0,0,0,0
2026-08-19,Coimbatore,25.3,0.0,0,0,0,0
2026-08-20,Coimbatore,23.8,0.0,0,0,0,0
2026-08-21,Coimbatore,24.4,13.3,0,0,0,0
2026-08-22,Coimbatore,21.6,0.0,0,0,1,0
2026-08-23,Coimbatore,26.1,13.4,0,0,1,0
2026-08-24,Coimbatore,21.2,11.3,0,0,0,0
2026-08-25,Coimbatore,24.1,8.8,0,0,0,0
2026-08-26,Coimbatore,23.2,0.0,1,1,0,0
2026-08-27,Coimbatore,24.1,0.0,0,0,0,0
2026-08-28,Coimbatore,26.4,0.0,0,0,0,0
2026-08-29,Coimbatore,25.9,0.0,0,0,1,0
2026-08-30,Coimbatore,24.9,17.8,0,0,1,0
2026-08-31,Coimbatore,23.0,12.5,0,0,0,0
2026-09-01,Coimbatore,24.3,3.9,0,0,0,0
2026-09-02,Coimbatore,27.6,13.2,0,0,0,0
2026-09-03,Coimbatore,24.8,0.0,0,0,0,0
2026-09-04,Coimbatore,22.3,0.0,0,1,0,0
2026-09-05,Coimbatore,26.0,0.0,0,0,1,0
2026-09-06,Coimbatore,26.0,0.0,0,0,1,0
2026-09-07,Coimbatore,27.0,0.0,0,0,0,0
2026-09-08,Coimbatore,24.6,6.4,0,0,0,0
2026-09-09,Coimbatore,24.1,0.0,0,0,0,0
2026-09-10,Coimbatore,25.2,0.0,0,0,0,0
2026-09-11,Coimbatore,23.0,0.0,0,0,0,0
2026-09-12,Coimbatore,23.4,3.3,0,0,1,0
2026-09-13,Coimbatore,25.6,4.7,0,0,1,0
2026-09-14,Coimbatore,24.5,13.6,0,1,0,0
2026-09-15,Coimbatore,23.6,6.3,0,0,0,0
2026-09-16,Coimbatore,27.4,10.5,0,0,0,0
2026-09-17,Coimbatore,24.2,0.0,0,0,0,0
2026-09-18,Coimbatore,26.2,0.0,0,0,0,0
2026-09-19,Coimbatore,25.8,0.0,0,0,1,0
2026-09-20,Coimbatore,25.3,5.2,0,0,1,0
2026-09-21,Coimbatore,23.5,8.8,0,0,0,1
2026-09-22,Coimbatore,24.3,5.8,0,0,0,0
2026-09-23,Coimbatore,,2.5,0,0,0,0
2026-09-24,Coimbatore,26.2,9.5,0,0,0,0
2026-09-25,Coimbatore,25.8,18.3,0,0,0,0
2026-09-26,Coimbatore,25.1,0.0,0,0,1,1
2026-09-27,Coimbatore,22.2,0.0,0,0,1,1
2026-09-28,Coimbatore,25.0,0.0,0,0,0,1
2026-09-29,Coimbatore,28.4,0.0,0,0,0,0
2026-09-30,Coimbatore,25.4,0.0,0,0,0,0
2026-10-01,Coimbatore,24.2,21.1,0,0,0,0
2026-10-02,Coimbatore,25.5,0.0,1,0,0,0
2026-10-03,Coimbatore,22.8,23.1,0,0,1,0
2026-10-04,Coimbatore,23.9,9.9,0,0,1,0
2026-10-05,Coimbatore,25.6,25.2,0,0,0,0
2026-10-06,Coimbatore,26.4,27.4,0,0,0,0
2026-10-07,Coimbatore,24.0,0.0,0,0,0,0
2026-10-08,Coimbatore,24.9,24.9,0,0,0,0
2026-10-09,Coimbatore,24.9,0.5,0,0,0,0
2026-10-10,Coimbatore,22.3,0.0,0,0,1,0
2026-10-11,Coimbatore,24.9,0.0,0,0,1,0
2026-10-12,Coimbatore,23.4,0.0,0,0,0,0
2026-10-13,Coimbatore,23.2,30.0,0,0,0,0
2026-10-14,Coimbatore,25.5,31.6,0,0,0,0
2026-10-15,Coimbatore,25.4,39.4,0,0,0,0
2026-10-16,Coimbatore,25.8,0.0,0,0,0,0
2026-10-17,Coimbatore,23.5,8.6,0,0,1,0
2026-10-18,Coimbatore,25.6,0.0,0,0,1,1
2026-10-19,Coimbatore,24.0,9.4,0,0,0,0
2026-10-20,Coimbatore,25.4,0.0,1,1,0,0
2026-10-21,Coimbatore,25.1,10.7,0,0,0,0
2026-10-22,Coimbatore,24.8,4.5,0,0,0,0
2026-10-23,Coimbatore,25.5,15.6,0,0,0,0
2026-10-24,Coimbatore,26.3,22.4,0,0,1,0
2026-10-25,Coimbatore,22.7,13.8,0,0,1,0
2026-10-26,Coimbatore,23.7,38.5,0,0,0,0
2026-10-27,Coimbatore,23.1,25.2,0,0,0,0
2026-10-28,Coimbatore,25.9,5.5,0,0,0,0
2026-10-29,Coimbatore,26.1,2.8,0,0,0,1
2026-10-30,Coimbatore,26.7,27.5,0,0,0,0
2026-10-31,Coimbatore,22.6,10.4,0,0,1,0
2026-11-01,Coimbatore,22.6,16.7,0,0,1,0
2026-11-02,Coimbatore,24.7,14.7,0,0,0,0
2026-11-03,Coimbatore,24.6,0.0,0,0,0,0
2026-11-04,Coimbatore,,0.0,0,0,0,0
2026-11-05,Coimbatore,21.0,14.5,0,0,0,0
2026-11-06,Coimbatore,23.0,21.8,0,0,0,0
2026-11-07,Coimbatore,21.6,5.1,0,0,1,0
2026-11-08,Coimbatore,24.4,6.8,1,1,1,0
2026-11-09,Coimbatore,24.2,6.2,0,0,0,0
2026-11-10,Coimbatore,23.5,18.6,0,0,0,0
2026-11-11,Coimbatore,22.6,0.0,0,0,0,0
2026-11-12,Coimbatore,23.5,23.0,0,0,0,0
2026-11-13,Coimbatore,24.9,0.0,0,0,0,0
2026-11-14,Coimbatore,21.9,0.0,0,0,1,0
2026-11-15,Coimbatore,25.5,0.0,0,0,1,0
2026-11-16,Coimbatore,23.3,34.1,0,0,0,0
2026-11-17,Coimbatore,24.8,11.8,0,0,0,0
2026-11-18,Coimbatore,24.3,14.5,0,0,0,0
2026-11-19,Coimbatore,25.3,13.7,0,0,0,0
2026-11-20,Coimbatore,25.0,0.0,0,0,0,0
2026-11-21,Coimbatore,22.0,20.9,0,0,1,0
2026-11-22,Coimbatore,21.8,0.0,0,0,1,0
2026-11-23,Coimbatore,24.4,14.1,0,0,0,0
2026-11-24,Coimbatore,21.5,9.5,0,0,0,0
2026-11-25,Coimbatore,23.5,21.7,0,0,0,0
2026-11-26,Coimbatore,24.3,4.1,0,0,0,1
2026-11-27,Coimbatore,23.6,13.0,0,0,0,0
2026-11-28,Coimbatore,24.8,0.0,0,0,1,0
2026-11-29,Coimbatore,25.0,12.0,0,0,1,0
2026-11-30,Coimbatore,23.3,3.0,0,0,0,0
2026-12-01,Coimbatore,22.9,0.0,0,0,0,0
2026-12-02,Coimbatore,21.1,0.0,0,0,0,0
2026-12-03,Coimbatore,23.6,6.9,0,0,0,0
2026-12-04,Coimbatore,21.9,0.0,0,0,0,0
2026-12-05,Coimbatore,23.1,2.4,0,0,1,0
2026-12-06,Coimbatore,23.6,0.0,0,0,1,0
2026-12-07,Coimbatore,22.3,0.0,0,0,0,0
2026-12-08,Coimbatore,23.4,0.0,0,0,0,0
2026-12-09,Coimbatore,22.7,0.0,0,0,0,0
2026-12-10,Coimbatore,23.3,0.0,0,0,0,0
2026-12-11,Coimbatore,23.6,0.0,0,0,0,0
2026-12-12,Coimbatore,23.1,12.7,0,0,1,0
2026-12-13,Coimbatore,23.8,0.0,0,0,1,0
2026-12-14,Coimbatore,20.2,0.0,0,0,0,0
2026-12-15,Coimbatore,23.1,0.0,0,0,0,0
2026-12-16,Coimbatore,20.0,0.0,0,0,0,0
2026-12-17,Coimbatore,24.8,0.0,0,0,0,0
2026-12-18,Coimbatore,22.4,0.1,0,0,0,0
2026-12-19,Coimbatore,21.5,0.0,0,0,1,0
2026-12-20,Coimbatore,22.5,0.0,0,0,1,0
2026-12-21,Coimbatore,22.1,0.0,0,0,0,0
2026-12-22,Coimbatore,26.1,0.0,0,0,0,0
2026-12-23,Coimbatore,24.0,0.0,0,0,0,0
2026-12-24,Coimbatore,23.8,0.0,0,0,0,0
2026-12-25,Coimbatore,23.0,0.0,1,1,0,0
2026-12-26,Coimbatore,24.0,0.0,0,0,1,0
2026-12-27,Coimbatore,23.0,12.3,0,0,1,0
2026-12-28,Coimbatore,24.3,0.0,0,0,0,0
2026-12-29,Coimbatore,21.4,0.0,0,0,0,0
2026-12-30,Coimbatore,21.8,0.0,0,0,0,0
2026-12-31,Coimbatore,21.7,0.0,0,0,0,0
2027-01-01,Coimbatore,23.6,0.0,1,0,0,0
2027-01-02,Coimbatore,22.4,0.0,0,0,1,0
2027-01-03,Coimbatore,23.9,0.0,0,0,1,0
2027-01-04,Coimbatore,25.1,0.0,0,0,0,0
2027-01-05,Coimbatore,23.9,0.0,0,0,0,0
2027-01-06,Coimbatore,20.8,0.0,0,0,0,0
2027-01-07,Coimbatore,24.9,0.0,0,0,0,0
2027-01-08,Coimbatore,23.3,0.0,0,0,0,0
2027-01-09,Coimbatore,25.2,0.0,0,0,1,0
2027-01-10,Coimbatore,23.1,0.0,0,0,1,0
2027-01-11,Coimbatore,20.6,0.0,0,0,0,0
2027-01-12,Coimbatore,,0.0,0,0,0,0
2027-01-13,Coimbatore,24.7,0.0,0,0,0,0
2027-01-14,Coimbatore,24.5,0.0,1,1,0,0
2027-01-15,Coimbatore,22.1,0.0,1,1,0,0
2027-01-16,Coimbatore,23.5,0.0,1,0,1,1
2027-01-17,Coimbatore,22.1,0.0,0,0,1,0
2027-01-18,Coimbatore,22.9,0.0,0,0,0,0
2027-01-19,Coimbatore,22.6,0.0,0,0,0,0
2027-01-20,Coimbatore,23.3,0.0,0,0,0,0
2027-01-21,Coimbatore,23.2,0.0,0,0,0,0
2027-01-22,Coimbatore,24.5,0.0,0,0,0,0
2027-01-23,Coimbatore,24.5,0.0,0,0,1,0
2027-01-24,Coimbatore,26.9,0.0,0,0,1,0
2027-01-25,Coimbatore,22.7,0.0,0,0,0,0
2027-01-26,Coimbatore,24.8,0.0,1,0,0,0
2027-01-27,Coimbatore,24.8,0.0,0,0,0,0
2026-08-01,Madurai,32.6,0.0,0,0,1,0
2026-08-02,Madurai,33.2,0.0,0,0,1,0
2026-08-03,Madurai,31.6,8.1,0,0,0,0
2026-08-04,Madurai,29.5,0.0,0,0,0,0
2026-08-05,Madurai,30.4,0.0,0,0,0,0
2026-08-06,Madurai,30.5,0.0,0,0,0,0
2026-08-07,Madurai,30.5,0.0,0,0,0,1
2026-08-08,Madurai,31.2,11.9,0,0,1,0
2026-08-09,Madurai,30.4,0.0,0,0,1,0
2026-08-10,Madurai,31.5,0.0,0,0,0,0
2026-08-11,Madurai,34.0,0.0,0,0,0,0
2026-08-12,Madurai,30.2,0.0,0,0,0,0
2026-08-13,Madurai,30.9,13.8,0,0,0,0
2026-08-14,Madurai,32.1,0.0,0,0,0,0
2026-08-15,Madurai,32.0,6.7,1,0,1,0
2026-08-16,Madurai,30.4,0.0,0,0,1,0
2026-08-17,Madurai,33.8,0.0,0,0,0,0
2026-08-18,Madurai,35.0,0.0,0,0,0,0
2026-08-19,Madurai,31.9,8.3,0,0,0,0
2026-08-20,Madurai,31.8,0.0,0,0,0,0
2026-08-21,Madurai,29.6,0.0,0,0,0,0
2026-08-22,Madurai,31.7,0.0,0,0,1,0
2026-08-23,Madurai,31.5,0.0,0,0,1,0
2026-08-24,Madurai,30.0,7.2,0,0,0,0
2026-08-25,Madurai,31.2,0.0,0,0,0,0
2026-08-26,Madurai,33.7,8.8,1,1,0,0
2026-08-27,Madurai,29.3,16.5,0,0,0,0
2026-08-28,Madurai,31.4,0.0,0,0,0,0
2026-08-29,Madurai,30.4,13.2,0,0,1,0
2026-08-30,Madurai,32.4,0.0,0,0,1,0
2026-08-31,Madurai,30.1,0.0,0,0,0,0
2026-09-01,Madurai,29.2,0.0,0,0,0,0
2026-09-02,Madurai,28.9,0.0,0,0,0,0
2026-09-03,Madurai,30.6,0.0,0,0,0,0
2026-09-04,Madurai,29.9,0.0,0,1,0,0
2026-09-05,Madurai,28.0,0.0,0,0,1,0
2026-09-06,Madurai,28.9,0.0,0,0,1,0
2026-09-07,Madurai,31.9,0.0,0,0,0,0
2026-09-08,Madurai,28.8,0.0,0,0,0,0
2026-09-09,Madurai,30.3,0.0,0,0,0,0
2026-09-10,Madurai,31.2,7.8,0,0,0,0
2026-09-11,Madurai,29.0,13.2,0,0,0,0
2026-09-12,Madurai,29.5,0.0,0,0,1,0
2026-09-13,Madurai,29.8,0.0,0,0,1,0
2026-09-14,Madurai,26.0,10.9,0,1,0,0
2026-09-15,Madurai,30.1,0.0,0,0,0,0
2026-09-16,Madurai,28.9,0.0,0,0,0,0
2026-09-17,Madurai,30.2,0.0,0,0,0,0
2026-09-18,Madurai,28.9,0.0,0,0,0,0
2026-09-19,Madurai,27.2,8.6,0,0,1,0
2026-09-20,Madurai,31.2,0.0,0,0,1,0
2026-09-21,Madurai,29.1,0.0,0,0,0,1
2026-09-22,Madurai,30.3,0.0,0,0,0,0
2026-09-23,Madurai,29.6,4.1,0,0,0,0
2026-09-24,Madurai,26.2,0.0,0,0,0,0
2026-09-25,Madurai,32.2,0.0,0,0,0,0
2026-09-26,Madurai,28.7,0.0,0,0,1,1
2026-09-27,Madurai,31.6,4.7,0,0,1,1
2026-09-28,Madurai,29.4,0.0,0,0,0,1
2026-09-29,Madurai,30.6,0.0,0,0,0,0
2026-09-30,Madurai,30.9,0.0,0,0,0,0
2026-10-01,Madurai,27.0,15.0,0,0,0,0
2026-10-02,Madurai,29.4,30.2,1,0,0,0
2026-10-03,Madurai,28.7,0.0,0,0,1,0
2026-10-04,Madurai,26.6,27.7,0,0,1,0
2026-10-05,Madurai,31.0,22.4,0,0,0,0
2026-10-06,Madurai,26.9,13.3,0,0,0,0
2026-10-07,Madurai,23.8,23.5,0,0,0,0
2026-10-08,Madurai,26.7,0.0,0,0,0,0
2026-10-09,Madurai,23.8,0.0,0,0,0,0
2026-10-10,Madurai,,0.0,0,0,1,0
2026-10-11,Madurai,26.6,0.0,0,0,1,0
2026-10-12,Madurai,27.0,0.0,0,0,0,0
2026-10-13,Madurai,23.8,0.0,0,0,0,0
2026-10-14,Madurai,27.4,23.4,0,0,0,0
2026-10-15,Madurai,27.9,25.6,0,0,0,0
2026-10-16,Madurai,29.6,18.3,0,0,0,0
2026-10-17,Madurai,26.4,0.0,0,0,1,0
2026-10-18,Madurai,26.7,17.5,0,0,1,1
2026-10-19,Madurai,28.1,26.2,0,0,0,0
2026-10-20,Madurai,27.5,0.0,1,1,0,0
2026-10-21,Madurai,,0.0,0,0,0,0
2026-10-22,Madurai,26.0,2.8,0,0,0,0
2026-10-23,Madurai,26.8,29.5,0,0,0,0
2026-10-24,Madurai,26.9,8.1,0,0,1,0
2026-10-25,Madurai,26.7,33.9,0,0,1,0
2026-10-26,Madurai,28.7,34.3,0,0,0,0
2026-10-27,Madurai,25.7,13.9,0,0,0,0
2026-10-28,Madurai,27.5,0.0,0,0,0,0
2026-10-29,Madurai,28.4,0.3,0,0,0,1
2026-10-30,Madurai,28.1,32.0,0,0,0,0
2026-10-31,Madurai,28.0,24.3,0,0,1,0
2026-11-01,Madurai,26.5,20.9,0,0,1,0
2026-11-02,Madurai,27.3,21.2,0,0,0,0
2026-11-03,Madurai,23.9,28.5,0,0,0,0
2026-11-04,Madurai,26.0,0.0,0,0,0,0
2026-11-05,Madurai,26.4,0.0,0,0,0,0
2026-11-06,Madurai,25.1,0.0,0,0,0,0
2026-11-07,Madurai,25.9,19.4,0,0,1,0
2026-11-08,Madurai,25.2,0.0,1,1,1,0
2026-11-09,Madurai,27.5,14.6,0,0,0,0
2026-11-10,Madurai,23.2,0.0,0,0,0,0
2026-11-11,Madurai,27.4,0.0,0,0,0,0
2026-11-12,Madurai,23.3,12.8,0,0,0,0
2026-11-13,Madurai,23.6,0.0,0,0,0,0
2026-11-14,Madurai,25.0,26.1,0,0,1,0
2026-11-15,Madurai,25.6,0.0,0,0,1,0
2026-11-16,Madurai,24.8,12.6,0,0,0,0
2026-11-17,Madurai,28.9,21.1,0,0,0,0
2026-11-18,Madurai,,0.0,0,0,0,0
2026-11-19,Madurai,25.6,21.8,0,0,0,0
2026-11-20,Madurai,25.3,0.0,0,0,0,0
2026-11-21,Madurai,24.9,21.4,0,0,1,0
2026-11-22,Madurai,28.3,11.8,0,0,1,0
2026-11-23,Madurai,28.1,3.1,0,0,0,0
2026-11-24,Madurai,24.1,27.0,0,0,0,0
2026-11-25,Madurai,27.1,42.1,0,0,0,0
2026-11-26,Madurai,26.8,0.0,0,0,0,1
2026-11-27,Madurai,23.8,0.0,0,0,0,0
2026-11-28,Madurai,26.2,19.0,0,0,1,0
2026-11-29,Madurai,24.1,3.4,0,0,1,0
2026-11-30,Madurai,27.2,0.0,0,0,0,0
2026-12-01,Madurai,23.9,0.0,0,0,0,0
2026-12-02,Madurai,22.0,0.0,0,0,0,0
2026-12-03,Madurai,25.3,9.3,0,0,0,0
2026-12-04,Madurai,27.2,2.7,0,0,0,0
2026-12-05,Madurai,25.0,0.0,0,0,1,0
2026-12-06,Madurai,25.7,0.0,0,0,1,0
2026-12-07,Madurai,24.8,0.0,0,0,0,0
2026-12-08,Madurai,22.2,0.0,0,0,0,0
2026-12-09,Madurai,24.9,0.0,0,0,0,0
2026-12-10,Madurai,24.5,12.0,0,0,0,0
2026-12-11,Madurai,24.6,0.0,0,0,0,0
2026-12-12,Madurai,26.2,0.0,0,0,1,0
2026-12-13,Madurai,23.6,0.0,0,0,1,0
2026-12-14,Madurai,24.5,0.0,0,0,0,0
2026-12-15,Madurai,26.4,0.0,0,0,0,0
2026-12-16,Madurai,26.4,0.0,0,0,0,0
2026-12-17,Madurai,21.8,0.0,0,0,0,0
2026-12-18,Madurai,25.3,0.0,0,0,0,0
2026-12-19,Madurai,25.5,0.0,0,0,1,0
2026-12-20,Madurai,23.9,0.0,0,0,1,0
2026-12-21,Madurai,25.9,0.0,0,0,0,0
2026-12-22,Madurai,24.5,0.0,0,0,0,0
2026-12-23,Madurai,27.4,0.0,0,0,0,0
2026-12-24,Madurai,24.9,0.0,0,0,0,0
2026-12-25,Madurai,23.7,0.0,1,1,0,0
2026-12-26,Madurai,24.3,5.6,0,0,1,0
2026-12-27,Madurai,26.7,0.0,0,0,1,0
2026-12-28,Madurai,23.8,0.0,0,0,0,0
2026-12-29,Madurai,24.5,0.0,0,0,0,0
2026-12-30,Madurai,24.4,0.0,0,0,0,0
2026-12-31,Madurai,,0.0,0,0,0,0
2027-01-01,Madurai,,0.0,1,0,0,0
2027-01-02,Madurai,,0.0,0,0,1,0
2027-01-03,Madurai,26.5,0.0,0,0,1,0
2027-01-04,Madurai,27.8,0.0,0,0,0,0
2027-01-05,Madurai,23.6,0.0,0,0,0,0
2027-01-06,Madurai,24.0,0.0,0,0,0,0
2027-01-07,Madurai,26.2,0.0,0,0,0,0
2027-01-08,Madurai,22.5,0.0,0,0,0,0
2027-01-09,Madurai,24.9,0.0,0,0,1,0
2027-01-10,Madurai,28.3,0.0,0,0,1,0
2027-01-11,Madurai,24.7,0.0,0,0,0,0
2027-01-12,Madurai,27.6,0.0,0,0,0,0
2027-01-13,Madurai,26.8,0.0,0,0,0,0
2027-01-14,Madurai,27.1,0.0,1,1,0,0
2027-01-15,Madurai,26.2,0.0,1,1,0,0
2027-01-16,Madurai,28.0,1.0,1,0,1,1
2027-01-17,Madurai,,0.0,0,0,1,0
2027-01-18,Madurai,25.3,0.0,0,0,0,0
2027-01-19,Madurai,28.6,0.0,0,0,0,0
2027-01-20,Madurai,26.2,0.0,0,0,0,0
2027-01-21,Madurai,27.3,0.0,0,0,0,0
2027-01-22,Madurai,27.6,0.0,0,0,0,0
2027-01-23,Madurai,26.7,0.0,0,0,1,0
2027-01-24,Madurai,25.9,0.0,0,0,1,0
2027-01-25,Madurai,28.2,0.0,0,0,0,0
2027-01-26,Madurai,27.2,0.0,1,0,0,0
2027-01-27,Madurai,24.6,3.4,0,0,0,0
2026-08-01,Salem,29.2,13.5,0,0,1,0
2026-08-02,Salem,25.4,0.0,0,0,1,0
2026-08-03,Salem,28.4,0.0,0,0,0,0
2026-08-04,Salem,27.4,10.2,0,0,0,0
2026-08-05,Salem,25.9,2.6,0,0,0,0
2026-08-06,Salem,28.8,14.3,0,0,0,0
2026-08-07,Salem,28.2,18.4,0,0,0,1
2026-08-08,Salem,27.2,15.2,0,0,1,0
2026-08-09,Salem,26.4,9.2,0,0,1,0
2026-08-10,Salem,27.0,0.0,0,0,0,0
2026-08-11,Salem,27.9,0.0,0,0,0,0
2026-08-12,Salem,28.2,22.0,0,0,0,0
2026-08-13,Salem,27.0,14.1,0,0,0,0
2026-08-14,Salem,26.9,14.4,0,0,0,0
2026-08-15,Salem,26.1,5.1,1,0,1,0
2026-08-16,Salem,26.3,35.4,0,0,1,0
2026-08-17,Salem,27.9,6.1,0,0,0,0
2026-08-18,Salem,30.1,0.0,0,0,0,0
2026-08-19,Salem,28.4,12.0,0,0,0,0
2026-08-20,Salem,28.7,0.0,0,0,0,0
2026-08-21,Salem,27.3,0.0,0,0,0,0
2026-08-22,Salem,25.5,26.1,0,0,1,0
2026-08-23,Salem,25.7,9.1,0,0,1,0
2026-08-24,Salem,24.0,6.9,0,0,0,0
2026-08-25,Salem,26.3,0.0,0,0,0,0
2026-08-26,Salem,28.0,0.0,1,1,0,0
2026-08-27,Salem,25.4,14.1,0,0,0,0
2026-08-28,Salem,26.9,0.0,0,0,0,0
2026-08-29,Salem,26.0,15.2,0,0,1,0
2026-08-30,Salem,26.8,0.0,0,0,1,0
2026-08-31,Salem,25.7,0.0,0,0,0,0
2026-09-01,Salem,26.4,0.0,0,0,0,0
2026-09-02,Salem,26.3,10.5,0,0,0,0
2026-09-03,Salem,26.4,0.0,0,0,0,0
2026-09-04,Salem,,0.0,0,1,0,0
2026-09-05,Salem,26.7,0.0,0,0,1,0
2026-09-06,Salem,28.6,0.0,0,0,1,0
2026-09-07,Salem,24.8,0.0,0,0,0,0
2026-09-08,Salem,28.4,15.7,0,0,0,0
2026-09-09,Salem,26.9,0.0,0,0,0,0
2026-09-10,Salem,27.6,10.4,0,0,0,0
2026-09-11,Salem,27.3,20.9,0,0,0,0
2026-09-12,Salem,26.4,5.4,0,0,1,0
2026-09-13,Salem,29.0,0.0,0,0,1,0
2026-09-14,Salem,28.7,18.0,0,1,0,0
2026-09-15,Salem,26.7,0.0,0,0,0,0
2026-09-16,Salem,25.4,16.6,0,0,0,0
2026-09-17,Salem,28.8,8.0,0,0,0,0
2026-09-18,Salem,26.1,10.5,0,0,0,0
2026-09-19,Salem,25.8,0.0,0,0,1,0
2026-09-20,Salem,29.2,21.7,0,0,1,0
2026-09-21,Salem,25.7,0.0,0,0,0,1
2026-09-22,Salem,27.1,0.0,0,0,0,0
2026-09-23,Salem,25.3,5.2,0,0,0,0
2026-09-24,Salem,24.8,0.0,0,0,0,0
2026-09-25,Salem,25.0,0.0,0,0,0,0
2026-09-26,Salem,27.3,15.0,0,0,1,1
2026-09-27,Salem,26.2,3.0,0,0,1,1
2026-09-28,Salem,26.1,0.0,0,0,0,1
2026-09-29,Salem,27.4,0.0,0,0,0,0
2026-09-30,Salem,25.2,8.9,0,0,0,0
2026-10-01,Salem,,13.2,0,0,0,0
2026-10-02,Salem,27.6,0.0,1,0,0,0
2026-10-03,Salem,27.9,9.0,0,0,1,0
2026-10-04,Salem,24.4,14.2,0,0,1,0
2026-10-05,Salem,26.0,10.8,0,0,0,0
2026-10-06,Salem,27.6,11.7,0,0,0,0
2026-10-07,Salem,23.2,23.2,0,0,0,0
2026-10-08,Salem,27.5,13.5,0,0,0,0
2026-10-09,Salem,25.4,0.0,0,0,0,0
2026-10-10,Salem,28.1,0.0,0,0,1,0
2026-10-11,Salem,27.5,0.0,0,0,1,0
2026-10-12,Salem,24.2,24.8,0,0,0,0
2026-10-13,Salem,26.0,0.0,0,0,0,0
2026-10-14,Salem,24.7,9.5,0,0,0,0
2026-10-15,Salem,23.7,13.9,0,0,0,0
2026-10-16,Salem,26.8,10.4,0,0,0,0
2026-10-17,Salem,27.6,0.0,0,0,1,0
2026-10-18,Salem,25.5,0.0,0,0,1,1
2026-10-19,Salem,28.7,26.5,0,0,0,0
2026-10-20,Salem,25.2,0.0,1,1,0,0
2026-10-21,Salem,27.9,24.3,0,0,0,0
2026-10-22,Salem,27.0,0.0,0,0,0,0
2026-10-23,Salem,23.6,0.0,0,0,0,0
2026-10-24,Salem,24.4,0.0,0,0,1,0
2026-10-25,Salem,26.6,5.8,0,0,1,0
2026-10-26,Salem,,19.4,0,0,0,0
2026-10-27,Salem,25.4,0.0,0,0,0,0
2026-10-28,Salem,25.6,0.0,0,0,0,0
2026-10-29,Salem,24.2,6.7,0,0,0,1
2026-10-30,Salem,25.6,10.6,0,0,0,0
2026-10-31,Salem,28.6,0.0,0,0,1,0
2026-11-01,Salem,23.1,0.0,0,0,1,0
2026-11-02,Salem,24.6,11.0,0,0,0,0
2026-11-03,Salem,22.9,0.0,0,0,0,0
2026-11-04,Salem,28.3,9.6,0,0,0,0
2026-11-05,Salem,26.0,16.3,0,0,0,0
2026-11-06,Salem,24.2,18.6,0,0,0,0
2026-11-07,Salem,25.2,0.0,0,0,1,0
2026-11-08,Salem,24.0,0.0,1,1,1,0
2026-11-09,Salem,23.2,1.3,0,0,0,0
2026-11-10,Salem,,0.0,0,0,0,0
2026-11-11,Salem,25.3,0.0,0,0,0,0
2026-11-12,Salem,26.1,9.0,0,0,0,0
2026-11-13,Salem,22.7,16.4,0,0,0,0
2026-11-14,Salem,25.1,0.0,0,0,1,0
2026-11-15,Salem,23.9,13.0,0,0,1,0
2026-11-16,Salem,24.5,5.5,0,0,0,0
2026-11-17,Salem,23.2,0.0,0,0,0,0
2026-11-18,Salem,22.6,0.0,0,0,0,0
2026-11-19,Salem,25.7,9.6,0,0,0,0
2026-11-20,Salem,22.5,0.0,0,0,0,0
2026-11-21,Salem,25.3,13.4,0,0,1,0
2026-11-22,Salem,22.8,0.0,0,0,1,0
2026-11-23,Salem,23.3,0.0,0,0,0,0
2026-11-24,Salem,23.9,0.0,0,0,0,0
2026-11-25,Salem,26.2,22.2,0,0,0,0
2026-11-26,Salem,25.6,0.0,0,0,0,1
2026-11-27,Salem,22.5,0.0,0,0,0,0
2026-11-28,Salem,24.5,0.0,0,0,1,0
2026-11-29,Salem,26.5,0.0,0,0,1,0
2026-11-30,Salem,26.7,0.0,0,0,0,0
2026-12-01,Salem,26.0,1.7,0,0,0,0
2026-12-02,Salem,23.5,3.0,0,0,0,0
2026-12-03,Salem,21.4,0.0,0,0,0,0
2026-12-04,Salem,23.4,0.0,0,0,0,0
2026-12-05,Salem,21.5,0.0,0,0,1,0
2026-12-06,Salem,23.0,0.0,0,0,1,0
2026-12-07,Salem,24.2,0.0,0,0,0,0
2026-12-08,Salem,21.8,0.0,0,0,0,0
2026-12-09,Salem,25.6,0.0,0,0,0,0
2026-12-10,Salem,24.4,4.0,0,0,0,0
2026-12-11,Salem,24.3,0.0,0,0,0,0
2026-12-12,Salem,23.4,0.0,0,0,1,0
2026-12-13,Salem,21.0,0.0,0,0,1,0
2026-12-14,Salem,25.2,0.0,0,0,0,0
2026-12-15,Salem,23.0,0.0,0,0,0,0
2026-12-16,Salem,23.7,0.0,0,0,0,0
2026-12-17,Salem,22.3,3.0,0,0,0,0
2026-12-18,Salem,22.4,0.0,0,0,0,0
2026-12-19,Salem,25.0,0.0,0,0,1,0
2026-12-20,Salem,24.3,0.0,0,0,1,0
2026-12-21,Salem,23.5,0.0,0,0,0,0
2026-12-22,Salem,24.2,0.0,0,0,0,0
2026-12-23,Salem,26.4,0.0,0,0,0,0
2026-12-24,Salem,24.3,0.0,0,0,0,0
2026-12-25,Salem,26.2,0.0,1,1,0,0
2026-12-26,Salem,22.3,0.0,0,0,1,0
2026-12-27,Salem,22.8,0.0,0,0,1,0
2026-12-28,Salem,24.9,1.1,0,0,0,0
2026-12-29,Salem,24.8,0.0,0,0,0,0
2026-12-30,Salem,27.2,2.0,0,0,0,0
2026-12-31,Salem,22.9,0.0,0,0,0,0
2027-01-01,Salem,26.8,0.6,1,0,0,0
2027-01-02,Salem,25.8,0.0,0,0,1,0
2027-01-03,Salem,22.5,0.0,0,0,1,0
2027-01-04,Salem,23.0,0.0,0,0,0,0
2027-01-05,Salem,24.0,0.0,0,0,0,0
2027-01-06,Salem,24.2,0.0,0,0,0,0
2027-01-07,Salem,26.6,0.0,0,0,0,0
2027-01-08,Salem,25.4,0.0,0,0,0,0
2027-01-09,Salem,22.0,0.0,0,0,1,0
2027-01-10,Salem,28.7,0.0,0,0,1,0
2027-01-11,Salem,25.9,0.0,0,0,0,0
2027-01-12,Salem,21.7,0.0,0,0,0,0
2027-01-13,Salem,23.7,0.0,0,0,0,0
2027-01-14,Salem,25.9,0.0,1,1,0,0
2027-01-15,Salem,26.1,0.0,1,1,0,0
2027-01-16,Salem,24.1,0.0,1,0,1,1
2027-01-17,Salem,25.2,0.0,0,0,1,0
2027-01-18,Salem,23.5,0.0,0,0,0,0
2027-01-19,Salem,25.1,0.0,0,0,0,0
2027-01-20,Salem,24.5,0.0,0,0,0,0
2027-01-21,Salem,24.7,0.0,0,0,0,0
2027-01-22,Salem,24.3,0.0,0,0,0,0
2027-01-23,Salem,25.2,0.0,0,0,1,0
2027-01-24,Salem,25.1,0.0,0,0,1,0
2027-01-25,Salem,21.9,0.0,0,0,0,0
2027-01-26,Salem,24.0,0.0,1,0,0,0
2027-01-27,Salem,25.4,0.0,0,0,0,0
