product_id,category,sub_category,brand,mrp,cost_price,shelf_life_days,supplier_id
P101,frozen,Ice Cream,GlowCare,22.89,16.88,77,SUP02
P102,Frozen,Ice Cream,Aavin,69.6,59.29,87,SUP04
P103,Household,Detergent,PureLeaf,96.31,57.09,794,SUP04
P104,personal care,Toothpaste,SnapFresh,64.62,35.86,528,SUP07
P105,SNACKS,Chips,FizzUp,49.8,26.66,86,SUP02
P106,personal care,Shampoo,FizzUp,59.02,41.92,409,SUP08
P107, Household,Detergent,HomeShine,126.15,87.98,665,SUP10
P108,Snacks,Namkeen,PureLeaf,35.37,29.42,118,SUP05
P109,Dairy,Curd,Crispo,114.79,79.99,13,SUP06
P110,Beverages,Juice,PureLeaf,68.83,41.65,204,SUP02
P111,Household,Detergent,Crispo,73.43,55.06,753,SUP05
P112,Frozen,Ice Cream,SnapFresh,118.24,66.35,67,SUP04
P113,Dairy,Cheese,HomeShine,54.09,45.09,14,SUP06
P114,BEVERAGES,Water,PureLeaf,95.1,52.44,147,SUP03
P115,snacks,Biscuits,FizzUp,52.63,33.5,251,SUP10
P116,personal care,Toothpaste,GlowCare,59.1,44.96,886,SUP08
P117,Dairy,Milk,GlowCare,100.64,79.58,15,SUP07
P118, Household,Detergent,Crispo,70.04,43.86,622,SUP09
P119,Dairy,Milk,FizzUp,102.68,66.13,15,SUP06
P120,dairy,Cheese,PureLeaf,70.95,47.61,14,SUP05
P121,Household,Detergent,PureLeaf,65.28,53.08,670,SUP09
P122, Household,Detergent,HomeShine,45.56,26.46,365,SUP10
P123,snacks,Chips,SnapFresh,30.4,16.46,266,SUP05
P124,Beverages,Soft Drink,Aavin,52.1,33.07,51,SUP08
P125,Dairy,Curd,HomeShine,37.1,24.63,5,SUP05
P126,household,Cleaner,SnapFresh,161.27,87.33,570,SUP05
P127,personal care,Toothpaste,HomeShine,94.24,63.74,827,SUP02
P128,beverages,Soft Drink,HomeShine,23.08,19.8,88,SUP10
P129, Beverages,Soft Drink,GlowCare,32.99,20.32,47,SUP01
P130, Snacks,Biscuits,Crispo,72.78,53.56,114,SUP09
P131,BEVERAGES,Water,Crispo,134.41,85.16,92,SUP08
P132,PERSONAL CARE,Shampoo,FizzUp,36.29,22.07,798,SUP07
P133,PersonalCare,Toothpaste,PureLeaf,31.26,19.06,465,SUP01
P134,PersonalCare,Toothpaste,GlowCare,72.66,40.45,561,SUP04
P135,Household,Cleaner,Crispo,32.85,25.51,620,SUP02
P136,PERSONAL CARE,Toothpaste,HomeShine,36.62,22.34,380,SUP02
P137, Beverages,Soft Drink,SnapFresh,68.72,45.48,132,SUP01
P138, Beverages,Juice,SnapFresh,21.87,15.16,230,SUP08
P139,snacks,Chips,SnapFresh,114.17,67.24,202,SUP08
P140,Beverages,Soft Drink,HomeShine,69.9,37.25,218,SUP09
P141,Dairy,Cheese,HomeShine,30.64,19.29,11,SUP03
P142,Dairy,Milk,Aavin,94.73,78.85,13,SUP04
P143,PersonalCare,Shampoo,HomeShine,135.04,85.62,405,SUP10
P144,Dairy,Butter,FizzUp,101.2,64.3,7,SUP04
P145,Frozen,Frozen Veg,PureLeaf,47.6,32.9,142,SUP05
P146,PERSONAL CARE,Soap,Aavin,156.81,84.68,834,SUP10
P147,HOUSEHOLD,Detergent,FizzUp,26.84,20.49,500,SUP06
P148,dairy,Curd,SnapFresh,54.17,42.71,11,SUP05
P149,household,Detergent,PureLeaf,101.93,65.09,471,SUP03
P150,SNACKS,Biscuits,GlowCare,139.5,81.73,129,SUP05
P151,household,Detergent,PureLeaf,89.65,68.82,635,SUP09
P152, Personal Care,Soap,Aavin,147.94,82.9,798,SUP05
P153,DAIRY,Milk,FizzUp,49.95,40.02,5,SUP08
P154,Household,Cleaner,PureLeaf,70.42,57.07,517,SUP09
P155,Dairy,Cheese,GlowCare,74.01,58.69,3,SUP05
P156,snacks,Biscuits,GlowCare,107.77,82.42,230,SUP02
P157, Snacks,Namkeen,HomeShine,118.29,81.31,251,SUP03
P158,beverages,Soft Drink,Crispo,155.1,88.22,36,SUP03
P159,Frozen,Frozen Veg,PureLeaf,107.48,73.68,170,SUP04
P160,snacks,Biscuits,SnapFresh,91.16,74.05,69,SUP08
